{
  "comment00": "This file must be in the same directory that the script that uses it",
  "comment01": "Numbers in comments are so comments will show up be a valid json",
  "comment02": "IMPORTANT: fields with <field> need to be replaced by real values",
  "ctmvars": {
    "comment12": "next is used for the self-service url in the ticket body",
    "ctmweb": "test.us1.controlm.com",
    "comment13": "AAPI via REST variables (assuming CTM 21 and higher, or Helix Control-M)",
    "ctmaapi": "test-aapi.us1.controlm.com/automation-api",
    "ctmtoken": "UFJER0ZQQjRlNotHingE3fThjNWItNGI3NC05ZjAyLWFlNjN0ODY3MzEyNDpicTA3eU4wN28wL3YrajZNb1lCUHRXT2QxNE50eG5PcHU4nmxUl1o1UFRvPQ==",
    "comment15": "Platform should be empty or Helix. If different than Helix is assumed on-prem.",
    "ctmplatform": "Helix"
  },
  "tktvars": {
    "comment20": "These are config vars to access the Incident Management system",
    "comment21": "may need additional customization depending on the ticketing system",
    "comment22": "as this was developed for Service Now",
    "tkturl": "<fqdn of the Remedy ITSM instance>",
    "tktport": "<port or 443 if default SSL",
    "tktuser": "Allen",
    "tktpasswd": "<password>",
    "verifySSL": "yes"
  },
  "pgmvars": {
    "comment30": "These are program variables for debug and operational purposes.",
    "comment31": "create ticket if yes.",
    "crttickets": "yes",
    "comment32": "Update CTM Alert with ticket number. Feature not available in Helix Control-M October 2022",
    "addtkt2alert": "no",
    "comment33": "Verbose informtion written to autoticket.log file",
    "debug": "yes",
    "comment38": "job output and log is attached to ticket.",
    "ctmattachlogs": "yes",
    "comment40": "Update alerts (type <> 'I') will not be added to the ticket. Sending updates to cases is NOT IMPLEMENTED",
    "comment41": "  and will be created as new records. Do not set to yes unless you are sure!",
    "ctmupdatetkt": "no"
  }
}
